<?xml version="1.0" encoding="UTF-8"?>
<!DOCTYPE mapper PUBLIC "-//mybatis.org//DTD Mapper 3.0//EN" "http://mybatis.org/dtd/mybatis-3-mapper.dtd">
<mapper namespace="com.xxxx.manager.mapper.GoodsMapper">
  <resultMap id="BaseResultMap" type="com.xxxx.manager.pojo.Goods">
    <id column="goods_id" jdbcType="INTEGER" property="goodsId" />
    <result column="cat_id" jdbcType="INTEGER" property="catId" />
    <result column="extend_cat_id" jdbcType="INTEGER" property="extendCatId" />
    <result column="goods_sn" jdbcType="VARCHAR" property="goodsSn" />
    <result column="goods_name" jdbcType="VARCHAR" property="goodsName" />
    <result column="click_count" jdbcType="INTEGER" property="clickCount" />
    <result column="brand_id" jdbcType="SMALLINT" property="brandId" />
    <result column="store_count" jdbcType="SMALLINT" property="storeCount" />
    <result column="comment_count" jdbcType="SMALLINT" property="commentCount" />
    <result column="weight" jdbcType="INTEGER" property="weight" />
    <result column="market_price" jdbcType="DECIMAL" property="marketPrice" />
    <result column="shop_price" jdbcType="DECIMAL" property="shopPrice" />
    <result column="cost_price" jdbcType="DECIMAL" property="costPrice" />
    <result column="keywords" jdbcType="VARCHAR" property="keywords" />
    <result column="goods_remark" jdbcType="VARCHAR" property="goodsRemark" />
    <result column="original_img" jdbcType="VARCHAR" property="originalImg" />
    <result column="is_real" jdbcType="TINYINT" property="isReal" />
    <result column="is_on_sale" jdbcType="TINYINT" property="isOnSale" />
    <result column="is_free_shipping" jdbcType="TINYINT" property="isFreeShipping" />
    <result column="on_time" jdbcType="INTEGER" property="onTime" />
    <result column="sort" jdbcType="SMALLINT" property="sort" />
    <result column="is_recommend" jdbcType="TINYINT" property="isRecommend" />
    <result column="is_new" jdbcType="TINYINT" property="isNew" />
    <result column="is_hot" jdbcType="TINYINT" property="isHot" />
    <result column="last_update" jdbcType="INTEGER" property="lastUpdate" />
    <result column="goods_type" jdbcType="SMALLINT" property="goodsType" />
    <result column="spec_type" jdbcType="SMALLINT" property="specType" />
    <result column="give_integral" jdbcType="INTEGER" property="giveIntegral" />
    <result column="exchange_integral" jdbcType="INTEGER" property="exchangeIntegral" />
    <result column="suppliers_id" jdbcType="SMALLINT" property="suppliersId" />
    <result column="sales_sum" jdbcType="INTEGER" property="salesSum" />
    <result column="prom_type" jdbcType="TINYINT" property="promType" />
    <result column="prom_id" jdbcType="INTEGER" property="promId" />
    <result column="commission" jdbcType="DECIMAL" property="commission" />
    <result column="spu" jdbcType="VARCHAR" property="spu" />
    <result column="sku" jdbcType="VARCHAR" property="sku" />
  </resultMap>
  <resultMap extends="BaseResultMap" id="ResultMapWithBLOBs" type="com.xxxx.manager.pojo.Goods">
    <result column="goods_content" jdbcType="LONGVARCHAR" property="goodsContent" />
  </resultMap>
  <sql id="Example_Where_Clause">
    <where>
      <foreach collection="oredCriteria" item="criteria" separator="or">
        <if test="criteria.valid">
          <trim prefix="(" prefixOverrides="and" suffix=")">
            <foreach collection="criteria.criteria" item="criterion">
              <choose>
                <when test="criterion.noValue">
                  and ${criterion.condition}
                </when>
                <when test="criterion.singleValue">
                  and ${criterion.condition} #{criterion.value}
                </when>
                <when test="criterion.betweenValue">
                  and ${criterion.condition} #{criterion.value} and #{criterion.secondValue}
                </when>
                <when test="criterion.listValue">
                  and ${criterion.condition}
                  <foreach close=")" collection="criterion.value" item="listItem" open="(" separator=",">
                    #{listItem}
                  </foreach>
                </when>
              </choose>
            </foreach>
          </trim>
        </if>
      </foreach>
    </where>
  </sql>
  <sql id="Update_By_Example_Where_Clause">
    <where>
      <foreach collection="example.oredCriteria" item="criteria" separator="or">
        <if test="criteria.valid">
          <trim prefix="(" prefixOverrides="and" suffix=")">
            <foreach collection="criteria.criteria" item="criterion">
              <choose>
                <when test="criterion.noValue">
                  and ${criterion.condition}
                </when>
                <when test="criterion.singleValue">
                  and ${criterion.condition} #{criterion.value}
                </when>
                <when test="criterion.betweenValue">
                  and ${criterion.condition} #{criterion.value} and #{criterion.secondValue}
                </when>
                <when test="criterion.listValue">
                  and ${criterion.condition}
                  <foreach close=")" collection="criterion.value" item="listItem" open="(" separator=",">
                    #{listItem}
                  </foreach>
                </when>
              </choose>
            </foreach>
          </trim>
        </if>
      </foreach>
    </where>
  </sql>
  <sql id="Base_Column_List">
    goods_id, cat_id, extend_cat_id, goods_sn, goods_name, click_count, brand_id, store_count, 
    comment_count, weight, market_price, shop_price, cost_price, keywords, goods_remark, 
    original_img, is_real, is_on_sale, is_free_shipping, on_time, sort, is_recommend, 
    is_new, is_hot, last_update, goods_type, spec_type, give_integral, exchange_integral, 
    suppliers_id, sales_sum, prom_type, prom_id, commission, spu, sku
  </sql>
  <sql id="Blob_Column_List">
    goods_content
  </sql>
  <select id="selectByExampleWithBLOBs" parameterType="com.xxxx.manager.pojo.GoodsExample" resultMap="ResultMapWithBLOBs">
    select
    <if test="distinct">
      distinct
    </if>
    <include refid="Base_Column_List" />
    ,
    <include refid="Blob_Column_List" />
    from t_goods
    <if test="_parameter != null">
      <include refid="Example_Where_Clause" />
    </if>
    <if test="orderByClause != null">
      order by ${orderByClause}
    </if>
  </select>
  <select id="selectByExample" parameterType="com.xxxx.manager.pojo.GoodsExample" resultMap="BaseResultMap">
    select
    <if test="distinct">
      distinct
    </if>
    <include refid="Base_Column_List" />
    from t_goods
    <if test="_parameter != null">
      <include refid="Example_Where_Clause" />
    </if>
    <if test="orderByClause != null">
      order by ${orderByClause}
    </if>
  </select>
  <select id="selectByPrimaryKey" parameterType="java.lang.Integer" resultMap="ResultMapWithBLOBs">
    select 
    <include refid="Base_Column_List" />
    ,
    <include refid="Blob_Column_List" />
    from t_goods
    where goods_id = #{goodsId,jdbcType=INTEGER}
  </select>
  <delete id="deleteByPrimaryKey" parameterType="java.lang.Integer">
    delete from t_goods
    where goods_id = #{goodsId,jdbcType=INTEGER}
  </delete>
  <delete id="deleteByExample" parameterType="com.xxxx.manager.pojo.GoodsExample">
    delete from t_goods
    <if test="_parameter != null">
      <include refid="Example_Where_Clause" />
    </if>
  </delete>
  <insert id="insert" parameterType="com.xxxx.manager.pojo.Goods">
    <selectKey keyProperty="goodsId" order="AFTER" resultType="java.lang.Integer">
      SELECT LAST_INSERT_ID()
    </selectKey>
    insert into t_goods (cat_id, extend_cat_id, goods_sn, 
      goods_name, click_count, brand_id, 
      store_count, comment_count, weight, 
      market_price, shop_price, cost_price, 
      keywords, goods_remark, original_img, 
      is_real, is_on_sale, is_free_shipping, 
      on_time, sort, is_recommend, 
      is_new, is_hot, last_update, 
      goods_type, spec_type, give_integral, 
      exchange_integral, suppliers_id, sales_sum, 
      prom_type, prom_id, commission, 
      spu, sku, goods_content
      )
    values (#{catId,jdbcType=INTEGER}, #{extendCatId,jdbcType=INTEGER}, #{goodsSn,jdbcType=VARCHAR}, 
      #{goodsName,jdbcType=VARCHAR}, #{clickCount,jdbcType=INTEGER}, #{brandId,jdbcType=SMALLINT}, 
      #{storeCount,jdbcType=SMALLINT}, #{commentCount,jdbcType=SMALLINT}, #{weight,jdbcType=INTEGER}, 
      #{marketPrice,jdbcType=DECIMAL}, #{shopPrice,jdbcType=DECIMAL}, #{costPrice,jdbcType=DECIMAL}, 
      #{keywords,jdbcType=VARCHAR}, #{goodsRemark,jdbcType=VARCHAR}, #{originalImg,jdbcType=VARCHAR}, 
      #{isReal,jdbcType=TINYINT}, #{isOnSale,jdbcType=TINYINT}, #{isFreeShipping,jdbcType=TINYINT}, 
      #{onTime,jdbcType=INTEGER}, #{sort,jdbcType=SMALLINT}, #{isRecommend,jdbcType=TINYINT}, 
      #{isNew,jdbcType=TINYINT}, #{isHot,jdbcType=TINYINT}, #{lastUpdate,jdbcType=INTEGER}, 
      #{goodsType,jdbcType=SMALLINT}, #{specType,jdbcType=SMALLINT}, #{giveIntegral,jdbcType=INTEGER}, 
      #{exchangeIntegral,jdbcType=INTEGER}, #{suppliersId,jdbcType=SMALLINT}, #{salesSum,jdbcType=INTEGER}, 
      #{promType,jdbcType=TINYINT}, #{promId,jdbcType=INTEGER}, #{commission,jdbcType=DECIMAL}, 
      #{spu,jdbcType=VARCHAR}, #{sku,jdbcType=VARCHAR}, #{goodsContent,jdbcType=LONGVARCHAR}
      )
  </insert>
  <insert id="insertSelective" parameterType="com.xxxx.manager.pojo.Goods">
    <selectKey keyProperty="goodsId" order="AFTER" resultType="java.lang.Integer">
      SELECT LAST_INSERT_ID()
    </selectKey>
    insert into t_goods
    <trim prefix="(" suffix=")" suffixOverrides=",">
      <if test="catId != null">
        cat_id,
      </if>
      <if test="extendCatId != null">
        extend_cat_id,
      </if>
      <if test="goodsSn != null">
        goods_sn,
      </if>
      <if test="goodsName != null">
        goods_name,
      </if>
      <if test="clickCount != null">
        click_count,
      </if>
      <if test="brandId != null">
        brand_id,
      </if>
      <if test="storeCount != null">
        store_count,
      </if>
      <if test="commentCount != null">
        comment_count,
      </if>
      <if test="weight != null">
        weight,
      </if>
      <if test="marketPrice != null">
        market_price,
      </if>
      <if test="shopPrice != null">
        shop_price,
      </if>
      <if test="costPrice != null">
        cost_price,
      </if>
      <if test="keywords != null">
        keywords,
      </if>
      <if test="goodsRemark != null">
        goods_remark,
      </if>
      <if test="originalImg != null">
        original_img,
      </if>
      <if test="isReal != null">
        is_real,
      </if>
      <if test="isOnSale != null">
        is_on_sale,
      </if>
      <if test="isFreeShipping != null">
        is_free_shipping,
      </if>
      <if test="onTime != null">
        on_time,
      </if>
      <if test="sort != null">
        sort,
      </if>
      <if test="isRecommend != null">
        is_recommend,
      </if>
      <if test="isNew != null">
        is_new,
      </if>
      <if test="isHot != null">
        is_hot,
      </if>
      <if test="lastUpdate != null">
        last_update,
      </if>
      <if test="goodsType != null">
        goods_type,
      </if>
      <if test="specType != null">
        spec_type,
      </if>
      <if test="giveIntegral != null">
        give_integral,
      </if>
      <if test="exchangeIntegral != null">
        exchange_integral,
      </if>
      <if test="suppliersId != null">
        suppliers_id,
      </if>
      <if test="salesSum != null">
        sales_sum,
      </if>
      <if test="promType != null">
        prom_type,
      </if>
      <if test="promId != null">
        prom_id,
      </if>
      <if test="commission != null">
        commission,
      </if>
      <if test="spu != null">
        spu,
      </if>
      <if test="sku != null">
        sku,
      </if>
      <if test="goodsContent != null">
        goods_content,
      </if>
    </trim>
    <trim prefix="values (" suffix=")" suffixOverrides=",">
      <if test="catId != null">
        #{catId,jdbcType=INTEGER},
      </if>
      <if test="extendCatId != null">
        #{extendCatId,jdbcType=INTEGER},
      </if>
      <if test="goodsSn != null">
        #{goodsSn,jdbcType=VARCHAR},
      </if>
      <if test="goodsName != null">
        #{goodsName,jdbcType=VARCHAR},
      </if>
      <if test="clickCount != null">
        #{clickCount,jdbcType=INTEGER},
      </if>
      <if test="brandId != null">
        #{brandId,jdbcType=SMALLINT},
      </if>
      <if test="storeCount != null">
        #{storeCount,jdbcType=SMALLINT},
      </if>
      <if test="commentCount != null">
        #{commentCount,jdbcType=SMALLINT},
      </if>
      <if test="weight != null">
        #{weight,jdbcType=INTEGER},
      </if>
      <if test="marketPrice != null">
        #{marketPrice,jdbcType=DECIMAL},
      </if>
      <if test="shopPrice != null">
        #{shopPrice,jdbcType=DECIMAL},
      </if>
      <if test="costPrice != null">
        #{costPrice,jdbcType=DECIMAL},
      </if>
      <if test="keywords != null">
        #{keywords,jdbcType=VARCHAR},
      </if>
      <if test="goodsRemark != null">
        #{goodsRemark,jdbcType=VARCHAR},
      </if>
      <if test="originalImg != null">
        #{originalImg,jdbcType=VARCHAR},
      </if>
      <if test="isReal != null">
        #{isReal,jdbcType=TINYINT},
      </if>
      <if test="isOnSale != null">
        #{isOnSale,jdbcType=TINYINT},
      </if>
      <if test="isFreeShipping != null">
        #{isFreeShipping,jdbcType=TINYINT},
      </if>
      <if test="onTime != null">
        #{onTime,jdbcType=INTEGER},
      </if>
      <if test="sort != null">
        #{sort,jdbcType=SMALLINT},
      </if>
      <if test="isRecommend != null">
        #{isRecommend,jdbcType=TINYINT},
      </if>
      <if test="isNew != null">
        #{isNew,jdbcType=TINYINT},
      </if>
      <if test="isHot != null">
        #{isHot,jdbcType=TINYINT},
      </if>
      <if test="lastUpdate != null">
        #{lastUpdate,jdbcType=INTEGER},
      </if>
      <if test="goodsType != null">
        #{goodsType,jdbcType=SMALLINT},
      </if>
      <if test="specType != null">
        #{specType,jdbcType=SMALLINT},
      </if>
      <if test="giveIntegral != null">
        #{giveIntegral,jdbcType=INTEGER},
      </if>
      <if test="exchangeIntegral != null">
        #{exchangeIntegral,jdbcType=INTEGER},
      </if>
      <if test="suppliersId != null">
        #{suppliersId,jdbcType=SMALLINT},
      </if>
      <if test="salesSum != null">
        #{salesSum,jdbcType=INTEGER},
      </if>
      <if test="promType != null">
        #{promType,jdbcType=TINYINT},
      </if>
      <if test="promId != null">
        #{promId,jdbcType=INTEGER},
      </if>
      <if test="commission != null">
        #{commission,jdbcType=DECIMAL},
      </if>
      <if test="spu != null">
        #{spu,jdbcType=VARCHAR},
      </if>
      <if test="sku != null">
        #{sku,jdbcType=VARCHAR},
      </if>
      <if test="goodsContent != null">
        #{goodsContent,jdbcType=LONGVARCHAR},
      </if>
    </trim>
  </insert>
  <select id="countByExample" parameterType="com.xxxx.manager.pojo.GoodsExample" resultType="java.lang.Long">
    select count(*) from t_goods
    <if test="_parameter != null">
      <include refid="Example_Where_Clause" />
    </if>
  </select>
  <update id="updateByExampleSelective" parameterType="map">
    update t_goods
    <set>
      <if test="record.goodsId != null">
        goods_id = #{record.goodsId,jdbcType=INTEGER},
      </if>
      <if test="record.catId != null">
        cat_id = #{record.catId,jdbcType=INTEGER},
      </if>
      <if test="record.extendCatId != null">
        extend_cat_id = #{record.extendCatId,jdbcType=INTEGER},
      </if>
      <if test="record.goodsSn != null">
        goods_sn = #{record.goodsSn,jdbcType=VARCHAR},
      </if>
      <if test="record.goodsName != null">
        goods_name = #{record.goodsName,jdbcType=VARCHAR},
      </if>
      <if test="record.clickCount != null">
        click_count = #{record.clickCount,jdbcType=INTEGER},
      </if>
      <if test="record.brandId != null">
        brand_id = #{record.brandId,jdbcType=SMALLINT},
      </if>
      <if test="record.storeCount != null">
        store_count = #{record.storeCount,jdbcType=SMALLINT},
      </if>
      <if test="record.commentCount != null">
        comment_count = #{record.commentCount,jdbcType=SMALLINT},
      </if>
      <if test="record.weight != null">
        weight = #{record.weight,jdbcType=INTEGER},
      </if>
      <if test="record.marketPrice != null">
        market_price = #{record.marketPrice,jdbcType=DECIMAL},
      </if>
      <if test="record.shopPrice != null">
        shop_price = #{record.shopPrice,jdbcType=DECIMAL},
      </if>
      <if test="record.costPrice != null">
        cost_price = #{record.costPrice,jdbcType=DECIMAL},
      </if>
      <if test="record.keywords != null">
        keywords = #{record.keywords,jdbcType=VARCHAR},
      </if>
      <if test="record.goodsRemark != null">
        goods_remark = #{record.goodsRemark,jdbcType=VARCHAR},
      </if>
      <if test="record.originalImg != null">
        original_img = #{record.originalImg,jdbcType=VARCHAR},
      </if>
      <if test="record.isReal != null">
        is_real = #{record.isReal,jdbcType=TINYINT},
      </if>
      <if test="record.isOnSale != null">
        is_on_sale = #{record.isOnSale,jdbcType=TINYINT},
      </if>
      <if test="record.isFreeShipping != null">
        is_free_shipping = #{record.isFreeShipping,jdbcType=TINYINT},
      </if>
      <if test="record.onTime != null">
        on_time = #{record.onTime,jdbcType=INTEGER},
      </if>
      <if test="record.sort != null">
        sort = #{record.sort,jdbcType=SMALLINT},
      </if>
      <if test="record.isRecommend != null">
        is_recommend = #{record.isRecommend,jdbcType=TINYINT},
      </if>
      <if test="record.isNew != null">
        is_new = #{record.isNew,jdbcType=TINYINT},
      </if>
      <if test="record.isHot != null">
        is_hot = #{record.isHot,jdbcType=TINYINT},
      </if>
      <if test="record.lastUpdate != null">
        last_update = #{record.lastUpdate,jdbcType=INTEGER},
      </if>
      <if test="record.goodsType != null">
        goods_type = #{record.goodsType,jdbcType=SMALLINT},
      </if>
      <if test="record.specType != null">
        spec_type = #{record.specType,jdbcType=SMALLINT},
      </if>
      <if test="record.giveIntegral != null">
        give_integral = #{record.giveIntegral,jdbcType=INTEGER},
      </if>
      <if test="record.exchangeIntegral != null">
        exchange_integral = #{record.exchangeIntegral,jdbcType=INTEGER},
      </if>
      <if test="record.suppliersId != null">
        suppliers_id = #{record.suppliersId,jdbcType=SMALLINT},
      </if>
      <if test="record.salesSum != null">
        sales_sum = #{record.salesSum,jdbcType=INTEGER},
      </if>
      <if test="record.promType != null">
        prom_type = #{record.promType,jdbcType=TINYINT},
      </if>
      <if test="record.promId != null">
        prom_id = #{record.promId,jdbcType=INTEGER},
      </if>
      <if test="record.commission != null">
        commission = #{record.commission,jdbcType=DECIMAL},
      </if>
      <if test="record.spu != null">
        spu = #{record.spu,jdbcType=VARCHAR},
      </if>
      <if test="record.sku != null">
        sku = #{record.sku,jdbcType=VARCHAR},
      </if>
      <if test="record.goodsContent != null">
        goods_content = #{record.goodsContent,jdbcType=LONGVARCHAR},
      </if>
    </set>
    <if test="_parameter != null">
      <include refid="Update_By_Example_Where_Clause" />
    </if>
  </update>
  <update id="updateByExampleWithBLOBs" parameterType="map">
    update t_goods
    set goods_id = #{record.goodsId,jdbcType=INTEGER},
      cat_id = #{record.catId,jdbcType=INTEGER},
      extend_cat_id = #{record.extendCatId,jdbcType=INTEGER},
      goods_sn = #{record.goodsSn,jdbcType=VARCHAR},
      goods_name = #{record.goodsName,jdbcType=VARCHAR},
      click_count = #{record.clickCount,jdbcType=INTEGER},
      brand_id = #{record.brandId,jdbcType=SMALLINT},
      store_count = #{record.storeCount,jdbcType=SMALLINT},
      comment_count = #{record.commentCount,jdbcType=SMALLINT},
      weight = #{record.weight,jdbcType=INTEGER},
      market_price = #{record.marketPrice,jdbcType=DECIMAL},
      shop_price = #{record.shopPrice,jdbcType=DECIMAL},
      cost_price = #{record.costPrice,jdbcType=DECIMAL},
      keywords = #{record.keywords,jdbcType=VARCHAR},
      goods_remark = #{record.goodsRemark,jdbcType=VARCHAR},
      original_img = #{record.originalImg,jdbcType=VARCHAR},
      is_real = #{record.isReal,jdbcType=TINYINT},
      is_on_sale = #{record.isOnSale,jdbcType=TINYINT},
      is_free_shipping = #{record.isFreeShipping,jdbcType=TINYINT},
      on_time = #{record.onTime,jdbcType=INTEGER},
      sort = #{record.sort,jdbcType=SMALLINT},
      is_recommend = #{record.isRecommend,jdbcType=TINYINT},
      is_new = #{record.isNew,jdbcType=TINYINT},
      is_hot = #{record.isHot,jdbcType=TINYINT},
      last_update = #{record.lastUpdate,jdbcType=INTEGER},
      goods_type = #{record.goodsType,jdbcType=SMALLINT},
      spec_type = #{record.specType,jdbcType=SMALLINT},
      give_integral = #{record.giveIntegral,jdbcType=INTEGER},
      exchange_integral = #{record.exchangeIntegral,jdbcType=INTEGER},
      suppliers_id = #{record.suppliersId,jdbcType=SMALLINT},
      sales_sum = #{record.salesSum,jdbcType=INTEGER},
      prom_type = #{record.promType,jdbcType=TINYINT},
      prom_id = #{record.promId,jdbcType=INTEGER},
      commission = #{record.commission,jdbcType=DECIMAL},
      spu = #{record.spu,jdbcType=VARCHAR},
      sku = #{record.sku,jdbcType=VARCHAR},
      goods_content = #{record.goodsContent,jdbcType=LONGVARCHAR}
    <if test="_parameter != null">
      <include refid="Update_By_Example_Where_Clause" />
    </if>
  </update>
  <update id="updateByExample" parameterType="map">
    update t_goods
    set goods_id = #{record.goodsId,jdbcType=INTEGER},
      cat_id = #{record.catId,jdbcType=INTEGER},
      extend_cat_id = #{record.extendCatId,jdbcType=INTEGER},
      goods_sn = #{record.goodsSn,jdbcType=VARCHAR},
      goods_name = #{record.goodsName,jdbcType=VARCHAR},
      click_count = #{record.clickCount,jdbcType=INTEGER},
      brand_id = #{record.brandId,jdbcType=SMALLINT},
      store_count = #{record.storeCount,jdbcType=SMALLINT},
      comment_count = #{record.commentCount,jdbcType=SMALLINT},
      weight = #{record.weight,jdbcType=INTEGER},
      market_price = #{record.marketPrice,jdbcType=DECIMAL},
      shop_price = #{record.shopPrice,jdbcType=DECIMAL},
      cost_price = #{record.costPrice,jdbcType=DECIMAL},
      keywords = #{record.keywords,jdbcType=VARCHAR},
      goods_remark = #{record.goodsRemark,jdbcType=VARCHAR},
      original_img = #{record.originalImg,jdbcType=VARCHAR},
      is_real = #{record.isReal,jdbcType=TINYINT},
      is_on_sale = #{record.isOnSale,jdbcType=TINYINT},
      is_free_shipping = #{record.isFreeShipping,jdbcType=TINYINT},
      on_time = #{record.onTime,jdbcType=INTEGER},
      sort = #{record.sort,jdbcType=SMALLINT},
      is_recommend = #{record.isRecommend,jdbcType=TINYINT},
      is_new = #{record.isNew,jdbcType=TINYINT},
      is_hot = #{record.isHot,jdbcType=TINYINT},
      last_update = #{record.lastUpdate,jdbcType=INTEGER},
      goods_type = #{record.goodsType,jdbcType=SMALLINT},
      spec_type = #{record.specType,jdbcType=SMALLINT},
      give_integral = #{record.giveIntegral,jdbcType=INTEGER},
      exchange_integral = #{record.exchangeIntegral,jdbcType=INTEGER},
      suppliers_id = #{record.suppliersId,jdbcType=SMALLINT},
      sales_sum = #{record.salesSum,jdbcType=INTEGER},
      prom_type = #{record.promType,jdbcType=TINYINT},
      prom_id = #{record.promId,jdbcType=INTEGER},
      commission = #{record.commission,jdbcType=DECIMAL},
      spu = #{record.spu,jdbcType=VARCHAR},
      sku = #{record.sku,jdbcType=VARCHAR}
    <if test="_parameter != null">
      <include refid="Update_By_Example_Where_Clause" />
    </if>
  </update>
  <update id="updateByPrimaryKeySelective" parameterType="com.xxxx.manager.pojo.Goods">
    update t_goods
    <set>
      <if test="catId != null">
        cat_id = #{catId,jdbcType=INTEGER},
      </if>
      <if test="extendCatId != null">
        extend_cat_id = #{extendCatId,jdbcType=INTEGER},
      </if>
      <if test="goodsSn != null">
        goods_sn = #{goodsSn,jdbcType=VARCHAR},
      </if>
      <if test="goodsName != null">
        goods_name = #{goodsName,jdbcType=VARCHAR},
      </if>
      <if test="clickCount != null">
        click_count = #{clickCount,jdbcType=INTEGER},
      </if>
      <if test="brandId != null">
        brand_id = #{brandId,jdbcType=SMALLINT},
      </if>
      <if test="storeCount != null">
        store_count = #{storeCount,jdbcType=SMALLINT},
      </if>
      <if test="commentCount != null">
        comment_count = #{commentCount,jdbcType=SMALLINT},
      </if>
      <if test="weight != null">
        weight = #{weight,jdbcType=INTEGER},
      </if>
      <if test="marketPrice != null">
        market_price = #{marketPrice,jdbcType=DECIMAL},
      </if>
      <if test="shopPrice != null">
        shop_price = #{shopPrice,jdbcType=DECIMAL},
      </if>
      <if test="costPrice != null">
        cost_price = #{costPrice,jdbcType=DECIMAL},
      </if>
      <if test="keywords != null">
        keywords = #{keywords,jdbcType=VARCHAR},
      </if>
      <if test="goodsRemark != null">
        goods_remark = #{goodsRemark,jdbcType=VARCHAR},
      </if>
      <if test="originalImg != null">
        original_img = #{originalImg,jdbcType=VARCHAR},
      </if>
      <if test="isReal != null">
        is_real = #{isReal,jdbcType=TINYINT},
      </if>
      <if test="isOnSale != null">
        is_on_sale = #{isOnSale,jdbcType=TINYINT},
      </if>
      <if test="isFreeShipping != null">
        is_free_shipping = #{isFreeShipping,jdbcType=TINYINT},
      </if>
      <if test="onTime != null">
        on_time = #{onTime,jdbcType=INTEGER},
      </if>
      <if test="sort != null">
        sort = #{sort,jdbcType=SMALLINT},
      </if>
      <if test="isRecommend != null">
        is_recommend = #{isRecommend,jdbcType=TINYINT},
      </if>
      <if test="isNew != null">
        is_new = #{isNew,jdbcType=TINYINT},
      </if>
      <if test="isHot != null">
        is_hot = #{isHot,jdbcType=TINYINT},
      </if>
      <if test="lastUpdate != null">
        last_update = #{lastUpdate,jdbcType=INTEGER},
      </if>
      <if test="goodsType != null">
        goods_type = #{goodsType,jdbcType=SMALLINT},
      </if>
      <if test="specType != null">
        spec_type = #{specType,jdbcType=SMALLINT},
      </if>
      <if test="giveIntegral != null">
        give_integral = #{giveIntegral,jdbcType=INTEGER},
      </if>
      <if test="exchangeIntegral != null">
        exchange_integral = #{exchangeIntegral,jdbcType=INTEGER},
      </if>
      <if test="suppliersId != null">
        suppliers_id = #{suppliersId,jdbcType=SMALLINT},
      </if>
      <if test="salesSum != null">
        sales_sum = #{salesSum,jdbcType=INTEGER},
      </if>
      <if test="promType != null">
        prom_type = #{promType,jdbcType=TINYINT},
      </if>
      <if test="promId != null">
        prom_id = #{promId,jdbcType=INTEGER},
      </if>
      <if test="commission != null">
        commission = #{commission,jdbcType=DECIMAL},
      </if>
      <if test="spu != null">
        spu = #{spu,jdbcType=VARCHAR},
      </if>
      <if test="sku != null">
        sku = #{sku,jdbcType=VARCHAR},
      </if>
      <if test="goodsContent != null">
        goods_content = #{goodsContent,jdbcType=LONGVARCHAR},
      </if>
    </set>
    where goods_id = #{goodsId,jdbcType=INTEGER}
  </update>
  <update id="updateByPrimaryKeyWithBLOBs" parameterType="com.xxxx.manager.pojo.Goods">
    update t_goods
    set cat_id = #{catId,jdbcType=INTEGER},
      extend_cat_id = #{extendCatId,jdbcType=INTEGER},
      goods_sn = #{goodsSn,jdbcType=VARCHAR},
      goods_name = #{goodsName,jdbcType=VARCHAR},
      click_count = #{clickCount,jdbcType=INTEGER},
      brand_id = #{brandId,jdbcType=SMALLINT},
      store_count = #{storeCount,jdbcType=SMALLINT},
      comment_count = #{commentCount,jdbcType=SMALLINT},
      weight = #{weight,jdbcType=INTEGER},
      market_price = #{marketPrice,jdbcType=DECIMAL},
      shop_price = #{shopPrice,jdbcType=DECIMAL},
      cost_price = #{costPrice,jdbcType=DECIMAL},
      keywords = #{keywords,jdbcType=VARCHAR},
      goods_remark = #{goodsRemark,jdbcType=VARCHAR},
      original_img = #{originalImg,jdbcType=VARCHAR},
      is_real = #{isReal,jdbcType=TINYINT},
      is_on_sale = #{isOnSale,jdbcType=TINYINT},
      is_free_shipping = #{isFreeShipping,jdbcType=TINYINT},
      on_time = #{onTime,jdbcType=INTEGER},
      sort = #{sort,jdbcType=SMALLINT},
      is_recommend = #{isRecommend,jdbcType=TINYINT},
      is_new = #{isNew,jdbcType=TINYINT},
      is_hot = #{isHot,jdbcType=TINYINT},
      last_update = #{lastUpdate,jdbcType=INTEGER},
      goods_type = #{goodsType,jdbcType=SMALLINT},
      spec_type = #{specType,jdbcType=SMALLINT},
      give_integral = #{giveIntegral,jdbcType=INTEGER},
      exchange_integral = #{exchangeIntegral,jdbcType=INTEGER},
      suppliers_id = #{suppliersId,jdbcType=SMALLINT},
      sales_sum = #{salesSum,jdbcType=INTEGER},
      prom_type = #{promType,jdbcType=TINYINT},
      prom_id = #{promId,jdbcType=INTEGER},
      commission = #{commission,jdbcType=DECIMAL},
      spu = #{spu,jdbcType=VARCHAR},
      sku = #{sku,jdbcType=VARCHAR},
      goods_content = #{goodsContent,jdbcType=LONGVARCHAR}
    where goods_id = #{goodsId,jdbcType=INTEGER}
  </update>
  <update id="updateByPrimaryKey" parameterType="com.xxxx.manager.pojo.Goods">
    update t_goods
    set cat_id = #{catId,jdbcType=INTEGER},
      extend_cat_id = #{extendCatId,jdbcType=INTEGER},
      goods_sn = #{goodsSn,jdbcType=VARCHAR},
      goods_name = #{goodsName,jdbcType=VARCHAR},
      click_count = #{clickCount,jdbcType=INTEGER},
      brand_id = #{brandId,jdbcType=SMALLINT},
      store_count = #{storeCount,jdbcType=SMALLINT},
      comment_count = #{commentCount,jdbcType=SMALLINT},
      weight = #{weight,jdbcType=INTEGER},
      market_price = #{marketPrice,jdbcType=DECIMAL},
      shop_price = #{shopPrice,jdbcType=DECIMAL},
      cost_price = #{costPrice,jdbcType=DECIMAL},
      keywords = #{keywords,jdbcType=VARCHAR},
      goods_remark = #{goodsRemark,jdbcType=VARCHAR},
      original_img = #{originalImg,jdbcType=VARCHAR},
      is_real = #{isReal,jdbcType=TINYINT},
      is_on_sale = #{isOnSale,jdbcType=TINYINT},
      is_free_shipping = #{isFreeShipping,jdbcType=TINYINT},
      on_time = #{onTime,jdbcType=INTEGER},
      sort = #{sort,jdbcType=SMALLINT},
      is_recommend = #{isRecommend,jdbcType=TINYINT},
      is_new = #{isNew,jdbcType=TINYINT},
      is_hot = #{isHot,jdbcType=TINYINT},
      last_update = #{lastUpdate,jdbcType=INTEGER},
      goods_type = #{goodsType,jdbcType=SMALLINT},
      spec_type = #{specType,jdbcType=SMALLINT},
      give_integral = #{giveIntegral,jdbcType=INTEGER},
      exchange_integral = #{exchangeIntegral,jdbcType=INTEGER},
      suppliers_id = #{suppliersId,jdbcType=SMALLINT},
      sales_sum = #{salesSum,jdbcType=INTEGER},
      prom_type = #{promType,jdbcType=TINYINT},
      prom_id = #{promId,jdbcType=INTEGER},
      commission = #{commission,jdbcType=DECIMAL},
      spu = #{spu,jdbcType=VARCHAR},
      sku = #{sku,jdbcType=VARCHAR}
    where goods_id = #{goodsId,jdbcType=INTEGER}
  </update>
</mapper>