<?xml version="1.0" encoding="UTF-8"?>
<!DOCTYPE mapper PUBLIC "-//mybatis.org//DTD Mapper 3.0//EN" "http://mybatis.org/dtd/mybatis-3-mapper.dtd">
<mapper namespace="com.xxxx.order.mapper.OrderMapper">
  <resultMap id="BaseResultMap" type="com.xxxx.order.pojo.Order">
    <id column="order_id" jdbcType="INTEGER" property="orderId" />
    <result column="order_sn" jdbcType="VARCHAR" property="orderSn" />
    <result column="user_id" jdbcType="INTEGER" property="userId" />
    <result column="order_status" jdbcType="TINYINT" property="orderStatus" />
    <result column="shipping_status" jdbcType="TINYINT" property="shippingStatus" />
    <result column="pay_status" jdbcType="TINYINT" property="payStatus" />
    <result column="consignee" jdbcType="VARCHAR" property="consignee" />
    <result column="country" jdbcType="INTEGER" property="country" />
    <result column="province" jdbcType="INTEGER" property="province" />
    <result column="city" jdbcType="INTEGER" property="city" />
    <result column="district" jdbcType="INTEGER" property="district" />
    <result column="twon" jdbcType="INTEGER" property="twon" />
    <result column="address" jdbcType="VARCHAR" property="address" />
    <result column="zipcode" jdbcType="VARCHAR" property="zipcode" />
    <result column="mobile" jdbcType="VARCHAR" property="mobile" />
    <result column="email" jdbcType="VARCHAR" property="email" />
    <result column="shipping_code" jdbcType="VARCHAR" property="shippingCode" />
    <result column="shipping_name" jdbcType="VARCHAR" property="shippingName" />
    <result column="pay_code" jdbcType="VARCHAR" property="payCode" />
    <result column="pay_name" jdbcType="VARCHAR" property="payName" />
    <result column="invoice_title" jdbcType="VARCHAR" property="invoiceTitle" />
    <result column="goods_price" jdbcType="DECIMAL" property="goodsPrice" />
    <result column="shipping_price" jdbcType="DECIMAL" property="shippingPrice" />
    <result column="user_money" jdbcType="DECIMAL" property="userMoney" />
    <result column="coupon_price" jdbcType="DECIMAL" property="couponPrice" />
    <result column="integral" jdbcType="INTEGER" property="integral" />
    <result column="integral_money" jdbcType="DECIMAL" property="integralMoney" />
    <result column="order_amount" jdbcType="DECIMAL" property="orderAmount" />
    <result column="total_amount" jdbcType="DECIMAL" property="totalAmount" />
    <result column="add_time" jdbcType="INTEGER" property="addTime" />
    <result column="shipping_time" jdbcType="INTEGER" property="shippingTime" />
    <result column="confirm_time" jdbcType="INTEGER" property="confirmTime" />
    <result column="pay_time" jdbcType="INTEGER" property="payTime" />
    <result column="order_prom_id" jdbcType="SMALLINT" property="orderPromId" />
    <result column="order_prom_amount" jdbcType="DECIMAL" property="orderPromAmount" />
    <result column="discount" jdbcType="DECIMAL" property="discount" />
    <result column="user_note" jdbcType="VARCHAR" property="userNote" />
    <result column="admin_note" jdbcType="VARCHAR" property="adminNote" />
    <result column="parent_sn" jdbcType="VARCHAR" property="parentSn" />
    <result column="is_distribut" jdbcType="TINYINT" property="isDistribut" />
  </resultMap>
  <sql id="Example_Where_Clause">
    <where>
      <foreach collection="oredCriteria" item="criteria" separator="or">
        <if test="criteria.valid">
          <trim prefix="(" prefixOverrides="and" suffix=")">
            <foreach collection="criteria.criteria" item="criterion">
              <choose>
                <when test="criterion.noValue">
                  and ${criterion.condition}
                </when>
                <when test="criterion.singleValue">
                  and ${criterion.condition} #{criterion.value}
                </when>
                <when test="criterion.betweenValue">
                  and ${criterion.condition} #{criterion.value} and #{criterion.secondValue}
                </when>
                <when test="criterion.listValue">
                  and ${criterion.condition}
                  <foreach close=")" collection="criterion.value" item="listItem" open="(" separator=",">
                    #{listItem}
                  </foreach>
                </when>
              </choose>
            </foreach>
          </trim>
        </if>
      </foreach>
    </where>
  </sql>
  <sql id="Update_By_Example_Where_Clause">
    <where>
      <foreach collection="example.oredCriteria" item="criteria" separator="or">
        <if test="criteria.valid">
          <trim prefix="(" prefixOverrides="and" suffix=")">
            <foreach collection="criteria.criteria" item="criterion">
              <choose>
                <when test="criterion.noValue">
                  and ${criterion.condition}
                </when>
                <when test="criterion.singleValue">
                  and ${criterion.condition} #{criterion.value}
                </when>
                <when test="criterion.betweenValue">
                  and ${criterion.condition} #{criterion.value} and #{criterion.secondValue}
                </when>
                <when test="criterion.listValue">
                  and ${criterion.condition}
                  <foreach close=")" collection="criterion.value" item="listItem" open="(" separator=",">
                    #{listItem}
                  </foreach>
                </when>
              </choose>
            </foreach>
          </trim>
        </if>
      </foreach>
    </where>
  </sql>
  <sql id="Base_Column_List">
    order_id, order_sn, user_id, order_status, shipping_status, pay_status, consignee, 
    country, province, city, district, twon, address, zipcode, mobile, email, shipping_code, 
    shipping_name, pay_code, pay_name, invoice_title, goods_price, shipping_price, user_money, 
    coupon_price, integral, integral_money, order_amount, total_amount, add_time, shipping_time, 
    confirm_time, pay_time, order_prom_id, order_prom_amount, discount, user_note, admin_note, 
    parent_sn, is_distribut
  </sql>
  <select id="selectByExample" parameterType="com.xxxx.order.pojo.OrderExample" resultMap="BaseResultMap">
    select
    <if test="distinct">
      distinct
    </if>
    <include refid="Base_Column_List" />
    from t_order
    <if test="_parameter != null">
      <include refid="Example_Where_Clause" />
    </if>
    <if test="orderByClause != null">
      order by ${orderByClause}
    </if>
  </select>
  <select id="selectByPrimaryKey" parameterType="java.lang.Integer" resultMap="BaseResultMap">
    select 
    <include refid="Base_Column_List" />
    from t_order
    where order_id = #{orderId,jdbcType=INTEGER}
  </select>
  <delete id="deleteByPrimaryKey" parameterType="java.lang.Integer">
    delete from t_order
    where order_id = #{orderId,jdbcType=INTEGER}
  </delete>
  <delete id="deleteByExample" parameterType="com.xxxx.order.pojo.OrderExample">
    delete from t_order
    <if test="_parameter != null">
      <include refid="Example_Where_Clause" />
    </if>
  </delete>
  <insert id="insert" parameterType="com.xxxx.order.pojo.Order">
    <selectKey keyProperty="orderId" order="AFTER" resultType="java.lang.Integer">
      SELECT LAST_INSERT_ID()
    </selectKey>
    insert into t_order (order_sn, user_id, order_status, 
      shipping_status, pay_status, consignee, 
      country, province, city, 
      district, twon, address, 
      zipcode, mobile, email, 
      shipping_code, shipping_name, pay_code, 
      pay_name, invoice_title, goods_price, 
      shipping_price, user_money, coupon_price, 
      integral, integral_money, order_amount, 
      total_amount, add_time, shipping_time, 
      confirm_time, pay_time, order_prom_id, 
      order_prom_amount, discount, user_note, 
      admin_note, parent_sn, is_distribut
      )
    values (#{orderSn,jdbcType=VARCHAR}, #{userId,jdbcType=INTEGER}, #{orderStatus,jdbcType=TINYINT}, 
      #{shippingStatus,jdbcType=TINYINT}, #{payStatus,jdbcType=TINYINT}, #{consignee,jdbcType=VARCHAR}, 
      #{country,jdbcType=INTEGER}, #{province,jdbcType=INTEGER}, #{city,jdbcType=INTEGER}, 
      #{district,jdbcType=INTEGER}, #{twon,jdbcType=INTEGER}, #{address,jdbcType=VARCHAR}, 
      #{zipcode,jdbcType=VARCHAR}, #{mobile,jdbcType=VARCHAR}, #{email,jdbcType=VARCHAR}, 
      #{shippingCode,jdbcType=VARCHAR}, #{shippingName,jdbcType=VARCHAR}, #{payCode,jdbcType=VARCHAR}, 
      #{payName,jdbcType=VARCHAR}, #{invoiceTitle,jdbcType=VARCHAR}, #{goodsPrice,jdbcType=DECIMAL}, 
      #{shippingPrice,jdbcType=DECIMAL}, #{userMoney,jdbcType=DECIMAL}, #{couponPrice,jdbcType=DECIMAL}, 
      #{integral,jdbcType=INTEGER}, #{integralMoney,jdbcType=DECIMAL}, #{orderAmount,jdbcType=DECIMAL}, 
      #{totalAmount,jdbcType=DECIMAL}, #{addTime,jdbcType=INTEGER}, #{shippingTime,jdbcType=INTEGER}, 
      #{confirmTime,jdbcType=INTEGER}, #{payTime,jdbcType=INTEGER}, #{orderPromId,jdbcType=SMALLINT}, 
      #{orderPromAmount,jdbcType=DECIMAL}, #{discount,jdbcType=DECIMAL}, #{userNote,jdbcType=VARCHAR}, 
      #{adminNote,jdbcType=VARCHAR}, #{parentSn,jdbcType=VARCHAR}, #{isDistribut,jdbcType=TINYINT}
      )
  </insert>
  <insert id="insertSelective" parameterType="com.xxxx.order.pojo.Order">
    <selectKey keyProperty="orderId" order="AFTER" resultType="java.lang.Integer">
      SELECT LAST_INSERT_ID()
    </selectKey>
    insert into t_order
    <trim prefix="(" suffix=")" suffixOverrides=",">
      <if test="orderSn != null">
        order_sn,
      </if>
      <if test="userId != null">
        user_id,
      </if>
      <if test="orderStatus != null">
        order_status,
      </if>
      <if test="shippingStatus != null">
        shipping_status,
      </if>
      <if test="payStatus != null">
        pay_status,
      </if>
      <if test="consignee != null">
        consignee,
      </if>
      <if test="country != null">
        country,
      </if>
      <if test="province != null">
        province,
      </if>
      <if test="city != null">
        city,
      </if>
      <if test="district != null">
        district,
      </if>
      <if test="twon != null">
        twon,
      </if>
      <if test="address != null">
        address,
      </if>
      <if test="zipcode != null">
        zipcode,
      </if>
      <if test="mobile != null">
        mobile,
      </if>
      <if test="email != null">
        email,
      </if>
      <if test="shippingCode != null">
        shipping_code,
      </if>
      <if test="shippingName != null">
        shipping_name,
      </if>
      <if test="payCode != null">
        pay_code,
      </if>
      <if test="payName != null">
        pay_name,
      </if>
      <if test="invoiceTitle != null">
        invoice_title,
      </if>
      <if test="goodsPrice != null">
        goods_price,
      </if>
      <if test="shippingPrice != null">
        shipping_price,
      </if>
      <if test="userMoney != null">
        user_money,
      </if>
      <if test="couponPrice != null">
        coupon_price,
      </if>
      <if test="integral != null">
        integral,
      </if>
      <if test="integralMoney != null">
        integral_money,
      </if>
      <if test="orderAmount != null">
        order_amount,
      </if>
      <if test="totalAmount != null">
        total_amount,
      </if>
      <if test="addTime != null">
        add_time,
      </if>
      <if test="shippingTime != null">
        shipping_time,
      </if>
      <if test="confirmTime != null">
        confirm_time,
      </if>
      <if test="payTime != null">
        pay_time,
      </if>
      <if test="orderPromId != null">
        order_prom_id,
      </if>
      <if test="orderPromAmount != null">
        order_prom_amount,
      </if>
      <if test="discount != null">
        discount,
      </if>
      <if test="userNote != null">
        user_note,
      </if>
      <if test="adminNote != null">
        admin_note,
      </if>
      <if test="parentSn != null">
        parent_sn,
      </if>
      <if test="isDistribut != null">
        is_distribut,
      </if>
    </trim>
    <trim prefix="values (" suffix=")" suffixOverrides=",">
      <if test="orderSn != null">
        #{orderSn,jdbcType=VARCHAR},
      </if>
      <if test="userId != null">
        #{userId,jdbcType=INTEGER},
      </if>
      <if test="orderStatus != null">
        #{orderStatus,jdbcType=TINYINT},
      </if>
      <if test="shippingStatus != null">
        #{shippingStatus,jdbcType=TINYINT},
      </if>
      <if test="payStatus != null">
        #{payStatus,jdbcType=TINYINT},
      </if>
      <if test="consignee != null">
        #{consignee,jdbcType=VARCHAR},
      </if>
      <if test="country != null">
        #{country,jdbcType=INTEGER},
      </if>
      <if test="province != null">
        #{province,jdbcType=INTEGER},
      </if>
      <if test="city != null">
        #{city,jdbcType=INTEGER},
      </if>
      <if test="district != null">
        #{district,jdbcType=INTEGER},
      </if>
      <if test="twon != null">
        #{twon,jdbcType=INTEGER},
      </if>
      <if test="address != null">
        #{address,jdbcType=VARCHAR},
      </if>
      <if test="zipcode != null">
        #{zipcode,jdbcType=VARCHAR},
      </if>
      <if test="mobile != null">
        #{mobile,jdbcType=VARCHAR},
      </if>
      <if test="email != null">
        #{email,jdbcType=VARCHAR},
      </if>
      <if test="shippingCode != null">
        #{shippingCode,jdbcType=VARCHAR},
      </if>
      <if test="shippingName != null">
        #{shippingName,jdbcType=VARCHAR},
      </if>
      <if test="payCode != null">
        #{payCode,jdbcType=VARCHAR},
      </if>
      <if test="payName != null">
        #{payName,jdbcType=VARCHAR},
      </if>
      <if test="invoiceTitle != null">
        #{invoiceTitle,jdbcType=VARCHAR},
      </if>
      <if test="goodsPrice != null">
        #{goodsPrice,jdbcType=DECIMAL},
      </if>
      <if test="shippingPrice != null">
        #{shippingPrice,jdbcType=DECIMAL},
      </if>
      <if test="userMoney != null">
        #{userMoney,jdbcType=DECIMAL},
      </if>
      <if test="couponPrice != null">
        #{couponPrice,jdbcType=DECIMAL},
      </if>
      <if test="integral != null">
        #{integral,jdbcType=INTEGER},
      </if>
      <if test="integralMoney != null">
        #{integralMoney,jdbcType=DECIMAL},
      </if>
      <if test="orderAmount != null">
        #{orderAmount,jdbcType=DECIMAL},
      </if>
      <if test="totalAmount != null">
        #{totalAmount,jdbcType=DECIMAL},
      </if>
      <if test="addTime != null">
        #{addTime,jdbcType=INTEGER},
      </if>
      <if test="shippingTime != null">
        #{shippingTime,jdbcType=INTEGER},
      </if>
      <if test="confirmTime != null">
        #{confirmTime,jdbcType=INTEGER},
      </if>
      <if test="payTime != null">
        #{payTime,jdbcType=INTEGER},
      </if>
      <if test="orderPromId != null">
        #{orderPromId,jdbcType=SMALLINT},
      </if>
      <if test="orderPromAmount != null">
        #{orderPromAmount,jdbcType=DECIMAL},
      </if>
      <if test="discount != null">
        #{discount,jdbcType=DECIMAL},
      </if>
      <if test="userNote != null">
        #{userNote,jdbcType=VARCHAR},
      </if>
      <if test="adminNote != null">
        #{adminNote,jdbcType=VARCHAR},
      </if>
      <if test="parentSn != null">
        #{parentSn,jdbcType=VARCHAR},
      </if>
      <if test="isDistribut != null">
        #{isDistribut,jdbcType=TINYINT},
      </if>
    </trim>
  </insert>
  <select id="countByExample" parameterType="com.xxxx.order.pojo.OrderExample" resultType="java.lang.Long">
    select count(*) from t_order
    <if test="_parameter != null">
      <include refid="Example_Where_Clause" />
    </if>
  </select>
  <update id="updateByExampleSelective" parameterType="map">
    update t_order
    <set>
      <if test="record.orderId != null">
        order_id = #{record.orderId,jdbcType=INTEGER},
      </if>
      <if test="record.orderSn != null">
        order_sn = #{record.orderSn,jdbcType=VARCHAR},
      </if>
      <if test="record.userId != null">
        user_id = #{record.userId,jdbcType=INTEGER},
      </if>
      <if test="record.orderStatus != null">
        order_status = #{record.orderStatus,jdbcType=TINYINT},
      </if>
      <if test="record.shippingStatus != null">
        shipping_status = #{record.shippingStatus,jdbcType=TINYINT},
      </if>
      <if test="record.payStatus != null">
        pay_status = #{record.payStatus,jdbcType=TINYINT},
      </if>
      <if test="record.consignee != null">
        consignee = #{record.consignee,jdbcType=VARCHAR},
      </if>
      <if test="record.country != null">
        country = #{record.country,jdbcType=INTEGER},
      </if>
      <if test="record.province != null">
        province = #{record.province,jdbcType=INTEGER},
      </if>
      <if test="record.city != null">
        city = #{record.city,jdbcType=INTEGER},
      </if>
      <if test="record.district != null">
        district = #{record.district,jdbcType=INTEGER},
      </if>
      <if test="record.twon != null">
        twon = #{record.twon,jdbcType=INTEGER},
      </if>
      <if test="record.address != null">
        address = #{record.address,jdbcType=VARCHAR},
      </if>
      <if test="record.zipcode != null">
        zipcode = #{record.zipcode,jdbcType=VARCHAR},
      </if>
      <if test="record.mobile != null">
        mobile = #{record.mobile,jdbcType=VARCHAR},
      </if>
      <if test="record.email != null">
        email = #{record.email,jdbcType=VARCHAR},
      </if>
      <if test="record.shippingCode != null">
        shipping_code = #{record.shippingCode,jdbcType=VARCHAR},
      </if>
      <if test="record.shippingName != null">
        shipping_name = #{record.shippingName,jdbcType=VARCHAR},
      </if>
      <if test="record.payCode != null">
        pay_code = #{record.payCode,jdbcType=VARCHAR},
      </if>
      <if test="record.payName != null">
        pay_name = #{record.payName,jdbcType=VARCHAR},
      </if>
      <if test="record.invoiceTitle != null">
        invoice_title = #{record.invoiceTitle,jdbcType=VARCHAR},
      </if>
      <if test="record.goodsPrice != null">
        goods_price = #{record.goodsPrice,jdbcType=DECIMAL},
      </if>
      <if test="record.shippingPrice != null">
        shipping_price = #{record.shippingPrice,jdbcType=DECIMAL},
      </if>
      <if test="record.userMoney != null">
        user_money = #{record.userMoney,jdbcType=DECIMAL},
      </if>
      <if test="record.couponPrice != null">
        coupon_price = #{record.couponPrice,jdbcType=DECIMAL},
      </if>
      <if test="record.integral != null">
        integral = #{record.integral,jdbcType=INTEGER},
      </if>
      <if test="record.integralMoney != null">
        integral_money = #{record.integralMoney,jdbcType=DECIMAL},
      </if>
      <if test="record.orderAmount != null">
        order_amount = #{record.orderAmount,jdbcType=DECIMAL},
      </if>
      <if test="record.totalAmount != null">
        total_amount = #{record.totalAmount,jdbcType=DECIMAL},
      </if>
      <if test="record.addTime != null">
        add_time = #{record.addTime,jdbcType=INTEGER},
      </if>
      <if test="record.shippingTime != null">
        shipping_time = #{record.shippingTime,jdbcType=INTEGER},
      </if>
      <if test="record.confirmTime != null">
        confirm_time = #{record.confirmTime,jdbcType=INTEGER},
      </if>
      <if test="record.payTime != null">
        pay_time = #{record.payTime,jdbcType=INTEGER},
      </if>
      <if test="record.orderPromId != null">
        order_prom_id = #{record.orderPromId,jdbcType=SMALLINT},
      </if>
      <if test="record.orderPromAmount != null">
        order_prom_amount = #{record.orderPromAmount,jdbcType=DECIMAL},
      </if>
      <if test="record.discount != null">
        discount = #{record.discount,jdbcType=DECIMAL},
      </if>
      <if test="record.userNote != null">
        user_note = #{record.userNote,jdbcType=VARCHAR},
      </if>
      <if test="record.adminNote != null">
        admin_note = #{record.adminNote,jdbcType=VARCHAR},
      </if>
      <if test="record.parentSn != null">
        parent_sn = #{record.parentSn,jdbcType=VARCHAR},
      </if>
      <if test="record.isDistribut != null">
        is_distribut = #{record.isDistribut,jdbcType=TINYINT},
      </if>
    </set>
    <if test="_parameter != null">
      <include refid="Update_By_Example_Where_Clause" />
    </if>
  </update>
  <update id="updateByExample" parameterType="map">
    update t_order
    set order_id = #{record.orderId,jdbcType=INTEGER},
      order_sn = #{record.orderSn,jdbcType=VARCHAR},
      user_id = #{record.userId,jdbcType=INTEGER},
      order_status = #{record.orderStatus,jdbcType=TINYINT},
      shipping_status = #{record.shippingStatus,jdbcType=TINYINT},
      pay_status = #{record.payStatus,jdbcType=TINYINT},
      consignee = #{record.consignee,jdbcType=VARCHAR},
      country = #{record.country,jdbcType=INTEGER},
      province = #{record.province,jdbcType=INTEGER},
      city = #{record.city,jdbcType=INTEGER},
      district = #{record.district,jdbcType=INTEGER},
      twon = #{record.twon,jdbcType=INTEGER},
      address = #{record.address,jdbcType=VARCHAR},
      zipcode = #{record.zipcode,jdbcType=VARCHAR},
      mobile = #{record.mobile,jdbcType=VARCHAR},
      email = #{record.email,jdbcType=VARCHAR},
      shipping_code = #{record.shippingCode,jdbcType=VARCHAR},
      shipping_name = #{record.shippingName,jdbcType=VARCHAR},
      pay_code = #{record.payCode,jdbcType=VARCHAR},
      pay_name = #{record.payName,jdbcType=VARCHAR},
      invoice_title = #{record.invoiceTitle,jdbcType=VARCHAR},
      goods_price = #{record.goodsPrice,jdbcType=DECIMAL},
      shipping_price = #{record.shippingPrice,jdbcType=DECIMAL},
      user_money = #{record.userMoney,jdbcType=DECIMAL},
      coupon_price = #{record.couponPrice,jdbcType=DECIMAL},
      integral = #{record.integral,jdbcType=INTEGER},
      integral_money = #{record.integralMoney,jdbcType=DECIMAL},
      order_amount = #{record.orderAmount,jdbcType=DECIMAL},
      total_amount = #{record.totalAmount,jdbcType=DECIMAL},
      add_time = #{record.addTime,jdbcType=INTEGER},
      shipping_time = #{record.shippingTime,jdbcType=INTEGER},
      confirm_time = #{record.confirmTime,jdbcType=INTEGER},
      pay_time = #{record.payTime,jdbcType=INTEGER},
      order_prom_id = #{record.orderPromId,jdbcType=SMALLINT},
      order_prom_amount = #{record.orderPromAmount,jdbcType=DECIMAL},
      discount = #{record.discount,jdbcType=DECIMAL},
      user_note = #{record.userNote,jdbcType=VARCHAR},
      admin_note = #{record.adminNote,jdbcType=VARCHAR},
      parent_sn = #{record.parentSn,jdbcType=VARCHAR},
      is_distribut = #{record.isDistribut,jdbcType=TINYINT}
    <if test="_parameter != null">
      <include refid="Update_By_Example_Where_Clause" />
    </if>
  </update>
  <update id="updateByPrimaryKeySelective" parameterType="com.xxxx.order.pojo.Order">
    update t_order
    <set>
      <if test="orderSn != null">
        order_sn = #{orderSn,jdbcType=VARCHAR},
      </if>
      <if test="userId != null">
        user_id = #{userId,jdbcType=INTEGER},
      </if>
      <if test="orderStatus != null">
        order_status = #{orderStatus,jdbcType=TINYINT},
      </if>
      <if test="shippingStatus != null">
        shipping_status = #{shippingStatus,jdbcType=TINYINT},
      </if>
      <if test="payStatus != null">
        pay_status = #{payStatus,jdbcType=TINYINT},
      </if>
      <if test="consignee != null">
        consignee = #{consignee,jdbcType=VARCHAR},
      </if>
      <if test="country != null">
        country = #{country,jdbcType=INTEGER},
      </if>
      <if test="province != null">
        province = #{province,jdbcType=INTEGER},
      </if>
      <if test="city != null">
        city = #{city,jdbcType=INTEGER},
      </if>
      <if test="district != null">
        district = #{district,jdbcType=INTEGER},
      </if>
      <if test="twon != null">
        twon = #{twon,jdbcType=INTEGER},
      </if>
      <if test="address != null">
        address = #{address,jdbcType=VARCHAR},
      </if>
      <if test="zipcode != null">
        zipcode = #{zipcode,jdbcType=VARCHAR},
      </if>
      <if test="mobile != null">
        mobile = #{mobile,jdbcType=VARCHAR},
      </if>
      <if test="email != null">
        email = #{email,jdbcType=VARCHAR},
      </if>
      <if test="shippingCode != null">
        shipping_code = #{shippingCode,jdbcType=VARCHAR},
      </if>
      <if test="shippingName != null">
        shipping_name = #{shippingName,jdbcType=VARCHAR},
      </if>
      <if test="payCode != null">
        pay_code = #{payCode,jdbcType=VARCHAR},
      </if>
      <if test="payName != null">
        pay_name = #{payName,jdbcType=VARCHAR},
      </if>
      <if test="invoiceTitle != null">
        invoice_title = #{invoiceTitle,jdbcType=VARCHAR},
      </if>
      <if test="goodsPrice != null">
        goods_price = #{goodsPrice,jdbcType=DECIMAL},
      </if>
      <if test="shippingPrice != null">
        shipping_price = #{shippingPrice,jdbcType=DECIMAL},
      </if>
      <if test="userMoney != null">
        user_money = #{userMoney,jdbcType=DECIMAL},
      </if>
      <if test="couponPrice != null">
        coupon_price = #{couponPrice,jdbcType=DECIMAL},
      </if>
      <if test="integral != null">
        integral = #{integral,jdbcType=INTEGER},
      </if>
      <if test="integralMoney != null">
        integral_money = #{integralMoney,jdbcType=DECIMAL},
      </if>
      <if test="orderAmount != null">
        order_amount = #{orderAmount,jdbcType=DECIMAL},
      </if>
      <if test="totalAmount != null">
        total_amount = #{totalAmount,jdbcType=DECIMAL},
      </if>
      <if test="addTime != null">
        add_time = #{addTime,jdbcType=INTEGER},
      </if>
      <if test="shippingTime != null">
        shipping_time = #{shippingTime,jdbcType=INTEGER},
      </if>
      <if test="confirmTime != null">
        confirm_time = #{confirmTime,jdbcType=INTEGER},
      </if>
      <if test="payTime != null">
        pay_time = #{payTime,jdbcType=INTEGER},
      </if>
      <if test="orderPromId != null">
        order_prom_id = #{orderPromId,jdbcType=SMALLINT},
      </if>
      <if test="orderPromAmount != null">
        order_prom_amount = #{orderPromAmount,jdbcType=DECIMAL},
      </if>
      <if test="discount != null">
        discount = #{discount,jdbcType=DECIMAL},
      </if>
      <if test="userNote != null">
        user_note = #{userNote,jdbcType=VARCHAR},
      </if>
      <if test="adminNote != null">
        admin_note = #{adminNote,jdbcType=VARCHAR},
      </if>
      <if test="parentSn != null">
        parent_sn = #{parentSn,jdbcType=VARCHAR},
      </if>
      <if test="isDistribut != null">
        is_distribut = #{isDistribut,jdbcType=TINYINT},
      </if>
    </set>
    where order_id = #{orderId,jdbcType=INTEGER}
  </update>
  <update id="updateByPrimaryKey" parameterType="com.xxxx.order.pojo.Order">
    update t_order
    set order_sn = #{orderSn,jdbcType=VARCHAR},
      user_id = #{userId,jdbcType=INTEGER},
      order_status = #{orderStatus,jdbcType=TINYINT},
      shipping_status = #{shippingStatus,jdbcType=TINYINT},
      pay_status = #{payStatus,jdbcType=TINYINT},
      consignee = #{consignee,jdbcType=VARCHAR},
      country = #{country,jdbcType=INTEGER},
      province = #{province,jdbcType=INTEGER},
      city = #{city,jdbcType=INTEGER},
      district = #{district,jdbcType=INTEGER},
      twon = #{twon,jdbcType=INTEGER},
      address = #{address,jdbcType=VARCHAR},
      zipcode = #{zipcode,jdbcType=VARCHAR},
      mobile = #{mobile,jdbcType=VARCHAR},
      email = #{email,jdbcType=VARCHAR},
      shipping_code = #{shippingCode,jdbcType=VARCHAR},
      shipping_name = #{shippingName,jdbcType=VARCHAR},
      pay_code = #{payCode,jdbcType=VARCHAR},
      pay_name = #{payName,jdbcType=VARCHAR},
      invoice_title = #{invoiceTitle,jdbcType=VARCHAR},
      goods_price = #{goodsPrice,jdbcType=DECIMAL},
      shipping_price = #{shippingPrice,jdbcType=DECIMAL},
      user_money = #{userMoney,jdbcType=DECIMAL},
      coupon_price = #{couponPrice,jdbcType=DECIMAL},
      integral = #{integral,jdbcType=INTEGER},
      integral_money = #{integralMoney,jdbcType=DECIMAL},
      order_amount = #{orderAmount,jdbcType=DECIMAL},
      total_amount = #{totalAmount,jdbcType=DECIMAL},
      add_time = #{addTime,jdbcType=INTEGER},
      shipping_time = #{shippingTime,jdbcType=INTEGER},
      confirm_time = #{confirmTime,jdbcType=INTEGER},
      pay_time = #{payTime,jdbcType=INTEGER},
      order_prom_id = #{orderPromId,jdbcType=SMALLINT},
      order_prom_amount = #{orderPromAmount,jdbcType=DECIMAL},
      discount = #{discount,jdbcType=DECIMAL},
      user_note = #{userNote,jdbcType=VARCHAR},
      admin_note = #{adminNote,jdbcType=VARCHAR},
      parent_sn = #{parentSn,jdbcType=VARCHAR},
      is_distribut = #{isDistribut,jdbcType=TINYINT}
    where order_id = #{orderId,jdbcType=INTEGER}
  </update>
</mapper>